offer_id,title,city,description,salary-month,salary-hour,company,url
1005083247,Business Operation Partner w Webcon,Kraków,"Twój zakres obowiązków, Przygotowywanie i weryfikacja ofert oraz zamówień dla klientów z zachowaniem zgodności z polityką cenową i zasadami rabatowania, Obsługa procesów zakupowych po stronie klienta (praca w systemach zakupowych, portalach...",,,WEBCON S.A.,"https://www.pracuj.pl/praca/business-operation-partner-w-webcon-krakow,oferta,1005083247"
1005107646,SAP ABAP Engineering Manager,Warszawa,"We are seeking an experienced SAP ABAP Engineering Manager to join our international team., , In this role, you will analyze business requirements, de...",,,EPAM Systems (Poland) sp. z o.o.,"https://www.pracuj.pl/praca/sap-abap-engineering-manager-warszawa,oferta,1005107646"
1005107645,Senior Consultant - Data Management & Governance,Warszawa,"We are seeking thought leaders with profound consulting and technology expertise to address our clients' most challenging technology, strategy and tra...",,,EPAM Systems (Poland) sp. z o.o.,"https://www.pracuj.pl/praca/senior-consultant-data-management-governance-warszawa,oferta,1005107645"
1005083237,Senior AI Solutions Engineer with Python,Miejsce pracy : Cała Polska (praca zdalna) Siedziba firmy : Warszawa,"We are seeking a highly skilled Senior or Lead AI Engineer with experience in Python, willing to join a Project for one of our Key Clients., , This po...",,,EPAM Systems (Poland) sp. z o.o.,"https://www.pracuj.pl/praca/senior-ai-solutions-engineer-with-python-warszawa,oferta,1005083237"
1005116347,Kierownik / Kierowniczka działu IT,Słupca,"Twój zakres obowiązków, Kierowanie pracą zespołu IT (2-3 os.) oraz wyznaczanie priorytetów i celów działu, Projektowanie, wdrażanie i rozwój infrastruktury oraz systemów informatycznych wspierających działalność firmy, Utrzymanie i rozwój...",,,WATIS sp. z o.o.,"https://www.pracuj.pl/praca/kierownik-kierowniczka-dzialu-it-slupca,oferta,1005116347"
1005107628,Manager - AI Consulting,Warszawa,"We are seeking an experienced Manager, AI Consulting, to join our team., , In this role, you will leverage your deep expertise in data science to desi...",,,EPAM Systems (Poland) sp. z o.o.,"https://www.pracuj.pl/praca/manager-ai-consulting-warszawa,oferta,1005107628"
1005083223,Senior Python MCP Engineer,"Miejsce pracy : Cała Polska (praca zdalna) Siedziba firmy : Kraków, Grzegórzki","We are looking for a Senior Python MCP Engineer to join our team building an Enterprise Agent Development Platform — a production-grade, cloud-native ...",,,EPAM Systems (Poland) sp. z o.o.,"https://www.pracuj.pl/praca/senior-python-mcp-engineer-krakow-fabryczna-1a,oferta,1005083223"
1005073686,Informatyk / Informatyczka,Konin,"Twój zakres obowiązków, Implementacja monitoringu systemów, serwerów, sieci, aplikacji, Lokalne i zdalne wsparcie techniczne dla pracowników, Konfiguracja i administracja serwerami, routerami, przełącznikami, urządzeniami brzegowymi, Monitorowanie...",,,BANK SPÓŁDZIELCZY W KONINIE,"https://www.pracuj.pl/praca/informatyk-informatyczka-konin-bankowa-3,oferta,1005073686"
1005083190,(Starsza_y) Ekspertka / Ekspert w Zespole Rozwoju i Wsparcia Inwestycji w Obszarze ICT/OT,"Warszawa, Śródmieście","Twój zakres obowiązków, Projektowanie architektury rozwiązań ICT, OT i Cybersecurity dla strategicznych projektów inwestycyjnych realizowanych w Grupie PGE;, Opracowywanie koncepcji technicznych oraz docelowych architektur dla nowych usług,...",,,PGE Polska Grupa Energetyczna S.A.,"https://www.pracuj.pl/praca/starsza-y-ekspertka-ekspert-w-zespole-rozwoju-i-wsparcia-inwestycji-w-obszarze-i-warszawa-mysia-2,oferta,1005083190"
1005107589,Senior Data Delivery Manager (Engagement Lead),Warszawa,Join us as a Senior Data Delivery Manager and become the trusted Engagement Lead for enterprise-scale data and AI programs. You’ll steer engagements t...,,,EPAM Systems (Poland) sp. z o.o.,"https://www.pracuj.pl/praca/senior-data-delivery-manager-engagement-lead-warszawa,oferta,1005107589"
1005058717,Administrator Drugiej Linii Wsparcia IT (L2) (k/m),"Gdańsk, Stogi","Twój zakres obowiązków, Analiza i rozwiązywanie złożonych incydentów technicznych eskalowanych do drugiej linii wsparcia (L2);, Udział w obsłudze Major Incidents oraz współpraca z zespołami L1 i L3 w procesie ich rozwiązywania;, Administracja...",,,BALTIC HUB CONTAINER TERMINAL sp. z o. o.,"https://www.pracuj.pl/praca/administrator-drugiej-linii-wsparcia-it-l2-k-m-gdansk-kontenerowa-7,oferta,1005058717"
1005059257,St. Specjalista / Specjalistka ds. Platform BI i Telemetrii,"Warszawa, Mokotów","W Banku Millennium wierzymy, że dogłębna analiza danych jest kluczem do innowacji i skutecznych decyzji biznesowych. Poszukujemy osoby, która będzie a...",,,Bank Millennium S.A.,"https://www.pracuj.pl/praca/st-specjalista-specjalistka-ds-platform-bi-i-telemetrii-warszawa-stanislawa-zaryna-2a,oferta,1005059257"
1005073796,IS Security & Risk Consultant,"Kraków, Grzegórzki","In this role, you will have the opportunity to successfully develop and implement security measures for ABB in your area of responsibility. Each day, ...",,,ABB Business Services,"https://www.pracuj.pl/praca/is-security-risk-consultant-krakow-przy-rondzie-4,oferta,1005073796"
1005073840,Senior Cloud Engineer Analytics & AI Platform,"Warszawa, Ochota","The Digital Transformation Unit of Bayer Consumer Health operates a global data & analytics cloud platform, which is the backbone of all data & (advan...",20 240–25 300 zł brutto / mies.,,Digital Hub Warsaw at Bayer,"https://www.pracuj.pl/praca/senior-cloud-engineer-analytics-ai-platform-warszawa-aleje-jerozolimskie-158,oferta,1005073840"
1005073808,Senior IT Maintenance Specialist,"Warszawa, Wola","Twój zakres obowiązków, Pełnienie roli głównego punktu kontaktowego z dostawcą aplikacji realizowanej w formule SaaS,, Przekazywanie dostawcy lokalnych wymagań biznesowych, wnioskowanie o nowe funkcje oraz zgłaszanie incydentów i monitorowanie ich...",,,BNP Paribas Cardif w Polsce,"https://www.pracuj.pl/praca/senior-it-maintenance-specialist-warszawa-grzybowska-78,oferta,1005073808"
1005104244,Embedded Software Engineer – Battery Management Systems (BMS),Gdańsk,"As an Embedded Software Engineer, you’ll design, develop, and maintain embedded software for our Battery Management Systems (BMS). This is an entry-to...",,,LYTEN POLAND sp. z o.o.,"https://www.pracuj.pl/praca/embedded-software-engineer-battery-management-systems-bms-gdansk,oferta,1005104244"
1005074052,Security Engineer,Kraków,Are you passionate about cybersecurity and ready to shape the next generation of Identity & Access Management? Join our client’s team as a Security En...,26 000–33 000 zł netto (+ VAT) / mies.,,Mindbox Sp. z o.o.,"https://www.pracuj.pl/praca/security-engineer-krakow,oferta,1005074052"
1005074058,Specialist Engineer,Kraków,Are you excited about cutting-edge GenAI solutions and want to be part of innovative projects? Join our client’s team as a Specialist Engineer and hel...,26 000–33 000 zł netto (+ VAT) / mies.,,Mindbox Sp. z o.o.,"https://www.pracuj.pl/praca/specialist-engineer-krakow,oferta,1005074058"
1005074055,AI AppSec / AiSec Engineer,Kraków,We are looking for an experienced AI AppSec / AI Security Engineer to join our Cybersecurity Technology & Engineering team. This role focuses on advan...,32 000–36 000 zł netto (+ VAT) / mies.,,Mindbox Sp. z o.o.,"https://www.pracuj.pl/praca/ai-appsec-aisec-engineer-krakow,oferta,1005074055"
1005074083,Technical SME / AI Lead Developer,Kraków,"You'll step in as a Technical SME, working closely with Product, Engineering, Architecture, Data, Security, Risk/Compliance, Operations, and business ...",34 000–37 000 zł netto (+ VAT) / mies.,,Mindbox Sp. z o.o.,"https://www.pracuj.pl/praca/technical-sme-ai-lead-developer-krakow,oferta,1005074083"
1005074053,Liquidity Production Engineer,Kraków,We are recruiting on behalf of our client for a Production Support Team in the Payments IT department. The team ensures the technical operations of Gl...,21 000–24 000 zł netto (+ VAT) / mies.,,Mindbox Sp. z o.o.,"https://www.pracuj.pl/praca/liquidity-production-engineer-krakow,oferta,1005074053"
1005074090,Senior Java Engineer,Kraków,"As a Senior Software Engineer, you will join our Kraków-based team to work on evergreening legacy Java applications and supporting production systems....",30 000–34 000 zł netto (+ VAT) / mies.,,Mindbox Sp. z o.o.,"https://www.pracuj.pl/praca/senior-java-engineer-krakow,oferta,1005074090"
1005074095,Developer – AI-Enabled Delivery,Kraków,"We are building next-generation Collateral and Facility Management solutions by leveraging AI-enabled SDLC practices, strong engineering standards, an...",32 000–36 000 zł netto (+ VAT) / mies.,,Mindbox Sp. z o.o.,"https://www.pracuj.pl/praca/developer-ai-enabled-delivery-krakow,oferta,1005074095"
1005074097,Low Code Developer (ferryt) Specjalista / Specjalistka IT,Miejsce pracy : Cała Polska (praca zdalna) Siedziba firmy : Łódź,"Twój zakres obowiązków, Projektowanie i wytwarzanie procesów na platformie DomData Ferryt, we współpracy z ekspertami merytorycznymi w obszarze danego procesu:, Procesy windykacyjne,, Procesy kredytowe,, Pozostałe procesy klientów,, Procesy...",,,Bank Pocztowy S.A.,"https://www.pracuj.pl/praca/low-code-developer-ferryt-specjalista-specjalistka-it-lodz,oferta,1005074097"
1005073866,Pełnomocnik/czka ds. Zarządzania Bezpieczeństwem Informacji,"Warszawa, Ochota","Twój zakres obowiązków, 🔹Utrzymywanie i doskonalenie Systemu Zarządzania Bezpieczeństwem Informacji, wg normy ISO 27001, 🔹Tworzenie i utrzymywanie w aktualności polityk i procedur wewnętrznych,, sprawowanie nadzoru nad ich przestrzeganiem,...",11 500–12 500 zł brutto / mies.,,Paragon Services Poland Sp. z o.o.,"https://www.pracuj.pl/praca/pelnomocnik-czka-ds-zarzadzania-bezpieczenstwem-informacji-warszawa-bitwy-warszawskiej-1920-roku-7,oferta,1005073866"
1005083367,Senior Software Engineer,"Warszawa, Ochota","At Bayer we’re visionaries, driven to solve the world’s toughest challenges and striving for a world where ‘Health for all, Hunger for none’ is no lon...",od 20 240 zł brutto / mies.,,Digital Hub Warsaw at Bayer,"https://www.pracuj.pl/praca/senior-software-engineer-warszawa-aleje-jerozolimskie-158,oferta,1005083367"
1005083372,Senior Product Manager,"Warszawa, Ochota","At Bayer we’re visionaries, driven to solve the world’s toughest challenges and striving for a world where ‘Health for all, Hunger for none’ is no lon...",od 20 240 zł brutto / mies.,,Digital Hub Warsaw at Bayer,"https://www.pracuj.pl/praca/senior-product-manager-warszawa-aleje-jerozolimskie-158,oferta,1005083372"
1005083366,Senior Validation Specialist,"Warszawa, Ochota","The Data Assets, Analytics & AI team at Bayer Consumer Health focuses on bringing digital transformation and innovation by creating best in class anal...",20 240–25 300 zł brutto / mies.,,Digital Hub Warsaw at Bayer,"https://www.pracuj.pl/praca/senior-validation-specialist-warszawa-aleje-jerozolimskie-158,oferta,1005083366"
1005083370,Lead Data Architect,"Warszawa, Ochota","At Bayer we’re visionaries, driven to solve the world’s toughest challenges and striving for a world where ‘Health for all, Hunger for none’ is no lon...",od 25 760 zł brutto / mies.,,Digital Hub Warsaw at Bayer,"https://www.pracuj.pl/praca/lead-data-architect-warszawa-aleje-jerozolimskie-158,oferta,1005083370"
1005083345,Senior System Analyst – EMEA (Payroll & Implementation),"Poznań, Grunwald","Your responsibilities, Design, build, and support integrations between SAP SuccessFactors Employee Central, European payroll systems, time management platforms, and third-party applications., Develop and manage integrations for employee master...",,,ADM Poland sp. z o.o.,"https://www.pracuj.pl/praca/senior-system-analyst-emea-payroll-implementation-poznan-kolorowa-6,oferta,1005083345"
1005083350,.Net Developer,Kraków,"At Mindbox we connect top IT talents with technology projects for leading enterprises across Europe., , We create an inspiring place for talented indi...",22 000–26 000 zł netto (+ VAT) / mies.,,Mindbox Sp. z o.o.,"https://www.pracuj.pl/praca/net-developer-krakow,oferta,1005083350"
1005083355,Data Engineer,Kraków,"At Mindbox we connect top IT talents with technology projects for leading enterprises across Europe., , We create an inspiring place for talented indi...",22 000–26 000 zł netto (+ VAT) / mies.,,Mindbox Sp. z o.o.,"https://www.pracuj.pl/praca/data-engineer-krakow,oferta,1005083355"
1005083358,Java Developer,Kraków,"At Mindbox we connect top IT talents with technology projects for leading enterprises across Europe., , We create an inspiring place for talented indi...",22 000–26 000 zł netto (+ VAT) / mies.,,Mindbox Sp. z o.o.,"https://www.pracuj.pl/praca/java-developer-krakow,oferta,1005083358"
1005083357,Product Manager BL Mobile e Power,"Warszawa, Wawer","Twój zakres obowiązków, Prowadzenie analiz rynkowych i wywiadu rynkowego, obejmujących trendy w segmentach pojazdów terenowych (off-highway) oraz elektryfikacji jednostek pływających, analizę konkurencji produktowej oraz identyfikację...",,,ABB Sp. z o.o.,"https://www.pracuj.pl/praca/product-manager-bl-mobile-e-power-warszawa-zeganska-1,oferta,1005083357"
1005083465,Infrastructure & AI Lead,Warszawa,"Build underlying financial intelligence systems powering leading global banks, touching the lives of over 100 million active users across more than 30...",26 000–35 000 zł netto (+ VAT) / mies.,,Develocraft sp. z o.o.,"https://www.pracuj.pl/praca/infrastructure-ai-lead-warszawa,oferta,1005083465"
1005080371,Kierownik/Kierowniczka Automatyzacji Procesów Biznesowych,Miejsce pracy : Cała Polska (praca zdalna) Siedziba firmy : Warszawa,"Twój zakres obowiązków, Zarządzanie 4-osobowym zespołem - organizacja pracy, rozwój kompetencji, tworzenie środowiska pracy opartego na efektywności i partnerstwie, Zarządzanie i rozwój platform LowCode (Power Platform, Power Automate, Webcon) –...",,,Benefit Systems S.A.,"https://www.pracuj.pl/praca/kierownik-kierowniczka-automatyzacji-procesow-biznesowych-warszawa,oferta,1005080371"
1005086405,Analityk biznesowo-systemowy (m/k),"Gdynia, Redłowo","Twój zakres obowiązków, analiza i optymalizacja procesów kredytowych, zbieranie wymagań biznesowych i przekładanie ich na rozwiązania systemowe, przygotowywanie opisów wymagań dla zespołu IT, modelowanie procesów i analiza działania systemów,...",,,Kasa Stefczyka,"https://www.pracuj.pl/praca/analityk-biznesowo-systemowy-m-k-gdynia-legionow-126,oferta,1005086405"
1005101138,Senior Developer Experience Engineer,Kraków,"As a Senior Developer Experience Engineer, your mission is to deliver practical assets that make onboarding seamless and the developer experience outs...",29 000–32 000 zł netto (+ VAT) / mies.,,Mindbox Sp. z o.o.,"https://www.pracuj.pl/praca/senior-developer-experience-engineer-krakow,oferta,1005101138"
1005101139,DevSecOps Engineer,Kraków,"Are you an expert in CI/CD platforms with a strong security mindset? We are seeking a DevSecOps Engineer to design and evolve secure, high-performance...",24 000–29 000 zł netto (+ VAT) / mies.,,Mindbox Sp. z o.o.,"https://www.pracuj.pl/praca/devsecops-engineer-krakow,oferta,1005101139"
1005101137,CSR AI Solution Engineer,Kraków,"You will engineer AI-enhanced solutions for cybersecurity monitoring, observability, and vulnerability remediation, leveraging leading technologies su...",19 000–33 000 zł netto (+ VAT) / mies.,,Mindbox Sp. z o.o.,"https://www.pracuj.pl/praca/csr-ai-solution-engineer-krakow,oferta,1005101137"
1005101176,Python Developer (Sports sphere),"Miejsce pracy : Cała Polska (praca zdalna) Siedziba firmy : Wrocław, Krzyki","Our client is a fast-growing, multinational company in the sports tech and predictive gaming space, backed by leading investors and founders. The comp...",,,COHERENT SOLUTIONS sp. z o.o.,"https://www.pracuj.pl/praca/python-developer-sports-sphere-wroclaw-powstancow-slaskich-7a,oferta,1005101176"
1005116316,Senior .NET Developer,Warszawa,Join our international IT team and play a key role in delivering innovative software solutions that drive business performance. We are looking for an ...,,,PROVIDENT Polska,"https://www.pracuj.pl/praca/senior-net-developer-warszawa,oferta,1005116316"
1005058515,Presales Engineer (UMP),"Miejsce pracy : Cała Polska (praca zdalna) Siedziba firmy : Kraków, Prądnik Biały","Communications Service Providers (CSP) are the biggest, most important clients of AVSystem. We build, test, launch and operate systems for our telco c...",15 000–25 000 zł / mies. (zal. od umowy),,AVSystem,"https://www.pracuj.pl/praca/presales-engineer-ump-krakow-walerego-eljasza-radzikowskiego-47d,oferta,1005058515"
1005103891,Configuration & Deployment Specialist | SharePoint,Miejsce pracy : Cała Polska (praca zdalna) Siedziba firmy : Warszawa,"Join an international IT project focused on SharePoint-based application configuration, deployment and system environment management for a large publi...",,140–170 zł netto (+ VAT) / godz.,SQUARE ONE RESOURCES sp. z o.o.,"https://www.pracuj.pl/praca/configuration-deployment-specialist-sharepoint-warszawa,oferta,1005103891"
1005107585,Senior Android Developer,Miejsce pracy : Cała Polska (praca zdalna) Siedziba firmy : Kraków,"Build high-quality mobile experiences in an international environment., , We are looking for an experienced Senior Android Developer to join our clien...",23 000–35 000 zł netto (+ VAT) / mies.,,BRAVER IT SPÓŁKA AKCYJNA,"https://www.pracuj.pl/praca/senior-android-developer-krakow,oferta,1005107585"
1005058514,QA Engineer,"Miejsce pracy : Cała Polska (praca zdalna) Siedziba firmy : Kraków, Czyżyny",Dołącz do zespołu rozwijającego nowoczesną platformę dla sektora finansowego i wspieraj tworzenie wysokiej jakości oprogramowania.,,,Ailleron,"https://www.pracuj.pl/praca/qa-engineer-krakow-aleja-jana-pawla-ii-43b,oferta,1005058514"
1005058512,"QA Engineer (CAE, MES/FEM/FEA)","Kraków, Grzegórzki","Your responsibilities, Validate and test Fusion and Moldflow products., Analyze and interpret engineering simulation results., Execute test scenarios, report defects, and collaborate with development teams., Support software integration and...",,,ALTEN Polska,"https://www.pracuj.pl/praca/qa-engineer-cae-mes-fem-fea-krakow-lubicz-23a,oferta,1005058512"
1005058511,Cybersecurity Specialist (Pentesting & ADR Evaluation),"Miejsce pracy : Cała Polska (praca zdalna) Siedziba firmy : Kraków, Grzegórzki","Poszukujemy specjalisty ds. cyberbezpieczeństwa, który wesprze projekt związany z oceną i testowaniem narzędzi klasy ADR (Application Detection & Resp...",,,ALTEN Polska,"https://www.pracuj.pl/praca/cybersecurity-specialist-pentesting-adr-evaluation-krakow-lubicz-23a,oferta,1005058511"
1005083151,Domain Lead - Operational Security Readiness,Warszawa,"As Cybersecurity Readiness Manager, you’ll lead a team responsible for ensuring IT projects, M&A integrations, and operational activities meet securit...",,,AkzoNobel Car Refinishes Polska Sp. z o.o.,"https://www.pracuj.pl/praca/domain-lead-operational-security-readiness-warszawa,oferta,1005083151"
1005058506,ServiceNow Engineer,Miejsce pracy : Cała Polska (praca zdalna) Siedziba firmy : Warszawa,"We seek experienced ServiceNow Engineers / Developers with strong expertise in ServiceNow platform development and implementation., The ideal candidat...",,,ALTEN Polska,"https://www.pracuj.pl/praca/servicenow-engineer-warszawa,oferta,1005058506"
1005058505,Solution Architect (Banking / Fintech),"Miejsce pracy : Cała Polska (praca zdalna) Siedziba firmy : Kraków, Czyżyny","W Ailleron rozwijamy technologie dla banków i instytucji finansowych., , Szukamy doświadczonego Solution Architecta, który będzie wspierał realizację ...",,,Ailleron,"https://www.pracuj.pl/praca/solution-architect-banking-fintech-krakow-aleja-jana-pawla-ii-43b,oferta,1005058505"
1005100952,PL/SQL Developer – Oracle Data Management,Warszawa,"Ignite Innovation in Data Management, Empower scalable data solutions—transform complex databases with expert PL/SQL development!, , Location & Work M...",15 000–18 480 zł / mies. (zal. od umowy),,ITDS Polska Sp. z o.o.,"https://www.pracuj.pl/praca/pl-sql-developer-oracle-data-management-warszawa,oferta,1005100952"
1005103888,Software Security Architect,Miejsce pracy : Cała Polska (praca zdalna) Siedziba firmy : Warszawa,Join an international cybersecurity and security architecture project for a large global organization. The project focuses on designing and developing...,,150–200 zł netto (+ VAT) / godz.,SQUARE ONE RESOURCES sp. z o.o.,"https://www.pracuj.pl/praca/software-security-architect-warszawa,oferta,1005103888"
1005100949,Senior Business Analyst,"Miejsce pracy : Cała Polska (praca zdalna) Siedziba firmy : Warszawa, Ochota","W Scalo zajmujemy się dostarczaniem projektów software'owych i wspieraniem naszych partnerów w rozwijaniu ich biznesu. Tworzymy oprogramowanie, które ...",,120–160 zł netto (+ VAT) / godz.,Scalo Sp. z o.o.,"https://www.pracuj.pl/praca/senior-business-analyst-warszawa-aleje-jerozolimskie-93,oferta,1005100949"
1005107577,Senior Backend Developer & Solution Architect (Data),Miejsce pracy : Cała Polska (praca zdalna) Siedziba firmy : Wrocław,"In Cyclad we work with top international IT companies in order to boost their potential in delivering outstanding, cutting-edge technologies that shap...",,175–195 zł netto (+ VAT) / godz.,Cyclad,"https://www.pracuj.pl/praca/senior-backend-developer-solution-architect-data-wroclaw,oferta,1005107577"
1005092992,Specjalista ds. Wycen Usług IT (k/m),Warszawa,"Twój zakres obowiązków, Przygotowywanie wycen usług IT w ramach Centrum Usług Wspólnych., Koordynowanie i nadzór procesu kalkulacji i analiz dla projektów rozwojowych obszaru Technologii;, Wykonywanie raportów i rekomendacji dla potrzeb...",,,Polkomtel Sp. z o.o.,"https://www.pracuj.pl/praca/specjalista-ds-wycen-uslug-it-k-m-warszawa,oferta,1005092992"
1005083141,Technical Architect,"Warszawa, Ochota","W Scalo zajmujemy się dostarczaniem projektów software'owych i wspieraniem naszych partnerów w rozwijaniu ich biznesu. Tworzymy oprogramowanie, które ...",,155 zł netto (+ VAT) / godz.,Scalo Sp. z o.o.,"https://www.pracuj.pl/praca/technical-architect-warszawa-aleje-jerozolimskie-93,oferta,1005083141"
1005107575,Administrator Systemów Red Hat (K/M),Warszawa,"Obecnie dla naszego Klienta z branży fintech poszukujemy Administratora Systemów Red Hat., , , Projekt: Dołączysz do zespołu realizującego unikalne pr...",,90–110 zł netto (+ VAT) / godz.,NEONTRI SPÓŁKA Z OGRANICZONĄ ODPOWIEDZIALNOŚCIĄ,"https://www.pracuj.pl/praca/administrator-systemow-red-hat-k-m-warszawa,oferta,1005107575"
1005100941,Administrator ds. Sieci i Bezpieczeństwa (K/M),Sopot,"Twój zakres obowiązków, Zarządzanie infrastrukturą LAN, WAN, WLAN i VPN oraz bieżąca konfiguracja sprzętu sieciowego;, Ochrona sieci przed cyberzagrożeniami, wdrażanie firewalli, systemów antywirusowych oraz zarządzanie polityką dostępu;, Ciągłe...",10 500–15 000 zł / mies. (zal. od umowy),,Currenda Sp. z o. o.,"https://www.pracuj.pl/praca/administrator-ds-sieci-i-bezpieczenstwa-k-m-sopot,oferta,1005100941"
1005092975,DevOps Engineer,Reguły (pow. pruszkowski),"Twój zakres obowiązków, Wsparcie w utrzymaniu i rozwoju infrastruktury chmurowej opartej na AWS, Udział w konfiguracji, monitorowaniu i automatyzacji środowisk (CI/CD), Wsparcie w administracji i optymalizacji baz danych MongoDB, Wdrażanie i...",,,EXACT SOLUTION ELECTRONICS sp. z o.o.,"https://www.pracuj.pl/praca/devops-engineer-reguly-pow-pruszkowski,oferta,1005092975"
1005116289,Senior Data Platform Engineer,"Warszawa, Wola","We are hiring on behalf of our client, a global innovator in fitness and wellness technology. Their mission is to empower people to live fit, strong, ...",28 000–30 000 zł brutto / mies.,,Motife Sp. z o.o.,"https://www.pracuj.pl/praca/senior-data-platform-engineer-warszawa-grzybowska-60,oferta,1005116289"
1005083136,FullStack Developer (.NET + Blazor),Łódź,"W Scalo zajmujemy się dostarczaniem projektów software'owych i wspieraniem naszych partnerów w rozwijaniu ich biznesu. Tworzymy oprogramowanie, które ...",,120 zł netto (+ VAT) / godz.,Scalo Sp. z o.o.,"https://www.pracuj.pl/praca/fullstack-developer-net-%2b-blazor-lodz,oferta,1005083136"
1005116288,Azure Platform Engineer,Warszawa,We are looking for a skilled Platform Engineer to join our team and contribute to the development of a shared technology platform supporting product d...,,120–140 zł netto (+ VAT) / godz.,Mindbox Sp. z o.o.,"https://www.pracuj.pl/praca/azure-platform-engineer-warszawa,oferta,1005116288"
1005116287,DevOps Engineer,Warszawa,We are looking for an experienced DevOps Engineer to join our engineering team and drive CI/CD processes and deployment automation for application tea...,,130–150 zł netto (+ VAT) / godz.,Mindbox Sp. z o.o.,"https://www.pracuj.pl/praca/devops-engineer-warszawa,oferta,1005116287"
1005100932,Business Analyst,Warszawa,"Dla naszego klienta - dużej firmy z branży ubezpieczeniowej - szukamy osoby na stanowisko Business Analyst, która chciałaby dołączyć do zespołu zajmuj...",,,Strive Sp. z o.o.,"https://www.pracuj.pl/praca/business-analyst-warszawa,oferta,1005100932"
1005116285,Senior .NET Developer,Warszawa,Wspólnie z naszym Partnerem z branży Travel-Tech poszukujemy doświadczonego/ej specjalisty/ki do świadczenia usług jako Senior .NET Developer.,,142–198 zł netto (+ VAT) / godz.,Connectis_,"https://www.pracuj.pl/praca/senior-net-developer-warszawa-aleje-jerozolimskie-96,oferta,1005116285"
1005116284,Business Analyst – Banking & Financial IT,Łódź,"As a Business Analyst, you will be working for our client, a leading organization in the online banking sector dedicated to delivering innovative digi...",14 000–23 100 zł / mies. (zal. od umowy),,ITDS Polska Sp. z o.o.,"https://www.pracuj.pl/praca/business-analyst-banking-financial-it-lodz,oferta,1005116284"
1005100924,Lead Software Engineer (Python/Go),Miejsce pracy : Cała Polska (praca zdalna) Siedziba firmy : Kraków,We are looking for an experienced Lead Software Engineer (Python/Go) to take ownership of the technical development of new solutions and help build an...,34 500–45 000 zł netto (+ VAT) / mies.,,BRAVER IT SPÓŁKA AKCYJNA,"https://www.pracuj.pl/praca/lead-software-engineer-python-go-krakow,oferta,1005100924"
1005083123,Senior Fullstack Developer (Java+React),Miejsce pracy : Cała Polska (praca zdalna) Siedziba firmy : Warszawa,"We are looking for an exceptional Senior Software Developer with a passion for coding who is not afraid to seek new solutions., , We offer cooperation...",,180–250 zł netto (+ VAT) / godz.,Integral Solutions,"https://www.pracuj.pl/praca/senior-fullstack-developer-java%2breact-warszawa,oferta,1005083123"
1005116277,Application Support Specialist (1st line),Kraków,"Your responsibilities, As an Application Support Specialist, you will be the first point of contact for business users of ERP systems and other business applications. You will investigate day-to-day issues, help users find solutions and escalate...",9 000–11 000 zł brutto / mies.,,Michael Page,"https://www.pracuj.pl/praca/application-support-specialist-1st-line-krakow,oferta,1005116277"
1005110617,Expert Software Engineer in Rating & Limit Management,Warszawa,"Your responsibilities, Expert Java Developer / Solution Designer (AI-Driven Development), , Welcome to Group Technology, where we pride ourselves on engineering solutions and direct Nordea's transformation by providing a holistic technological...",,,NORDEA Bank Abp SA Oddział w Polsce,"https://www.pracuj.pl/praca/expert-software-engineer-in-rating-limit-management-warszawa,oferta,1005110617"
1005092940,Web Content Owner,"Poznań, Grunwald","Twój zakres obowiązków, Zarządzanie architekturą informacji serwisów www wszystkich marek i projektów Grupy Merito., Definiowanie i aktualizacja struktury nawigacji, hierarchii treści, etykiet i szablonów stron., Prowadzenie cyklicznych audytów...",,,Centrum Rozwoju Szkół Wyższych Merito Sp. z o.o.,"https://www.pracuj.pl/praca/web-content-owner-poznan-pastelowa-16,oferta,1005092940"
1005073572,Technical Support Specialist with German (m/f/n),"Wrocław, Śródmieście","Your responsibilities, Handle complex and escalated customer inquiries across digital channels (email, phone, chat, messaging platforms, social media)., Deliver professional, accurate, and customer‐focused support to ensure a high‐quality service...",,,PPG,"https://www.pracuj.pl/praca/technical-support-specialist-with-german-m-f-n-wroclaw-curie-sklodowskiej-12,oferta,1005073572"
1005107477,Senior Lead Consultant / Principal Data Advisor,Miejsce pracy : Cała Polska (praca zdalna) Siedziba firmy : Warszawa,Senior Lead Consultant / Principal Data Advisor — strategic technical and advisory role responsible for leading large-scale data programmes and provid...,,160–220 zł netto (+ VAT) / godz.,YOUR ITEAMS sp. z o.o.,"https://www.pracuj.pl/praca/senior-lead-consultant-principal-data-advisor-warszawa,oferta,1005107477"
1005107476,Data Governance Engineer (with GCP/BQ),Miejsce pracy : Cała Polska (praca zdalna) Siedziba firmy : Warszawa,We are seeking a Data Governance Engineer (with GCP / BigQuery) to design and maintain robust data architecture and governance practices within a larg...,,160–210 zł netto (+ VAT) / godz.,YOUR ITEAMS sp. z o.o.,"https://www.pracuj.pl/praca/data-governance-engineer-with-gcp-bq-warszawa,oferta,1005107476"
1005083099,Senior Scrum Master,Warszawa,"Twój zakres obowiązków, Wspieranie zespołów w efektywnym wykorzystaniu Scrum oraz rozwijaniu dojrzałości agile,, Udział w projektach o charakterze innowacyjnym i R&D, wspierających rozwój nowoczesnych rozwiązań technologicznych,, Ścisła współpraca...",20 000–24 000 zł / mies. (zal. od umowy),,ER Group Sp. z o.o.,"https://www.pracuj.pl/praca/senior-scrum-master-warszawa,oferta,1005083099"
1005083096,Backend Engineer,Kraków,Are you passionate about shaping cutting-edge architecture and delivering innovative solutions? We’re looking for a Backend Engineer to join our clien...,31 000–34 000 zł netto (+ VAT) / mies.,,Mindbox Sp. z o.o.,"https://www.pracuj.pl/praca/backend-engineer-krakow,oferta,1005083096"
1005116264,Senior C# Automation Tester – Distributed Systems,Miejsce pracy : Cała Polska (praca zdalna) Siedziba firmy : Wrocław,"As a Senior C# Automation Tester, you will be working for our client, a leader in developing advanced financial ecosystems. You will help build and en...",19 950–22 050 zł netto (+ VAT) / mies.,,ITDS Polska Sp. z o.o.,"https://www.pracuj.pl/praca/senior-c%23-automation-tester-distributed-systems-wroclaw,oferta,1005116264"
1005116257,Senior Azure Data Engineer,Warszawa,We are seeking an experienced Senior Azure Data Engineer to join our team and contribute to the design and development of a modern data platform lever...,,110–130 zł netto (+ VAT) / godz.,Mindbox Sp. z o.o.,"https://www.pracuj.pl/praca/senior-azure-data-engineer-warszawa,oferta,1005116257"
1005073543,Service Delivery Manager (Application Maintenance )​(K/M/X),"Warszawa, Śródmieście","Twój zakres obowiązków, Twój zakres obowiązków, Zarządzanie usługami IT w obszarze utrzymania aplikacji (Application Maintenance), zapewniające ich dostępność, stabilność oraz zgodność z uzgodnionymi SLA., Nadzór nad procesami ITIL (Incident,...",,,E.ON Polska IT Support Sp. z o.o.,"https://www.pracuj.pl/praca/service-delivery-manager-application-maintenance-k-m-x-warszawa-wybrzeze-kosciuszkowskie-41,oferta,1005073543"
1005100896,.NET Developer (f/m/x),"Łódź, Śródmieście","Dołącz do zespołu zajmującego się wsparciem procesów w obszarze bankowości detalicznej w jednym z największych banków w Polsce., Zespół tworzy systemy...",,,Sii Sp. z o.o.,"https://www.pracuj.pl/praca/net-developer-f-m-x-lodz-piotrkowska-157,oferta,1005100896"
1005100851,Senior GIS Tools Specialist,"Kraków, Prądnik Czerwony",This position involves the creation and maintenance of systems and processes aimed at ensuring data excellence and supporting the operations of flagsh...,,,COGNIZANT,"https://www.pracuj.pl/praca/senior-gis-tools-specialist-krakow-aleja-generala-tadeusza-bora-komorowskiego-25,oferta,1005100851"
1005107439,Specjalista / Specjalistka ds. Obliczeń Komputerowych,Sopot,"Poszukujemy osoby, która dołączy do projektu rozwoju rozwiązań opartych o kwantowe generatory liczb losowych (QRNG), kryptografię postkwantową (PQC) o...",,,GET IT TOGETHER SPÓŁKA Z OGRANICZONĄ ODPOWIEDZIALNOŚCIĄ,"https://www.pracuj.pl/praca/specjalista-specjalistka-ds-obliczen-komputerowych-sopot,oferta,1005107439"
1005110536,Senior IT Developer (Backend Developer),Gdańsk,"Your responsibilities, Welcome to Group Technology, where we pride ourselves on engineering solutions and direct Nordea's transformation by providing a holistic technological view and structured understanding of the bank, and its surrounding...",,,NORDEA Bank Abp SA Oddział w Polsce,"https://www.pracuj.pl/praca/senior-it-developer-backend-developer-gdansk,oferta,1005110536"
1005098129,Senior AI DevOps Engineer,Miejsce pracy : Cała Polska (praca zdalna) Siedziba firmy : Warszawa,"This is a hands-on role for someone who can take AI solutions from idea to production, build the infrastructure around them, and create the observabil...",,150–170 zł netto (+ VAT) / godz.,SQUARE ONE RESOURCES sp. z o.o.,"https://www.pracuj.pl/praca/senior-ai-devops-engineer-warszawa,oferta,1005098129"
1005083006,Junior Big Data Engineer (Java / Python),"Poznań, Wilda","Important things for you:, , Flexible working hours in the hybrid model (4/1) - working hours start between 7:00 a.m. and 10:00 a.m. We also have 30 d...",11 200–15 250 zł brutto / mies.,,Allegro,"https://www.pracuj.pl/praca/junior-big-data-engineer-java-python-poznan-wierzbiecice-1b,oferta,1005083006"
1005100843,Senior Fullstack .NET Developer,"Warszawa, Ochota","Twój zakres obowiązków, rozwój aplikacji CRM dla sektora bankowego, wspierającej obsługę klientów oraz automatyzację procesów,, rozwój nowej wersji systemu oraz stopniową migrację funkcjonalności,, programowanie nowych funkcjonalności oraz...",,140 zł netto (+ VAT) / godz.,Scalo Sp. z o.o.,"https://www.pracuj.pl/praca/senior-fullstack-net-developer-warszawa-aleje-jerozolimskie-93,oferta,1005100843"
1005073506,SAP Senior Basis Consultant,"Wrocław, Krzyki","Dołączysz do zespołu SAP Basis w Convista i jednego z naszych dużych, międzynarodowych programów transformacyjnych SAP S/4HANA. To greenfieldowa tran...",,,Convista Poland,"https://www.pracuj.pl/praca/sap-senior-basis-consultant-wroclaw-powstancow-slaskich-7a,oferta,1005073506"
1005064710,Tester manualny (m/k),Wrocław,"Twój zakres obowiązków, Przygotowywanie scenariuszy i przypadków testowych, Wykonywanie testów manualnych: funkcjonalnych, regresyjnych i eksploracyjnych, Zgłaszanie i opisywanie błędów oraz wykonywanie retestów, Analiza wymagań i identyfikowanie...",,,B2B.NET S.A.,"https://www.pracuj.pl/praca/tester-manualny-m-k-wroclaw,oferta,1005064710"
1005092887,Programista / Programistka Full Stack .NET,"Poznań, Jeżyce","Twój zakres obowiązków, Projektowanie, implementacja i utrzymanie aplikacji webowych z wykorzystaniem technologii .NET oraz frameworków front-endowych , Tworzenie i rozwijanie zarówno warstwy backendowej (np. C#, ASP.NET), jak i front-endowej...",,,POINTER Sp. z o.o.,"https://www.pracuj.pl/praca/programista-programistka-full-stack-net-poznan-wislana-52,oferta,1005092887"
1005092884,Java Developer (k/m/n) (Spring Boot / Quarkus / Camunda),Wrocław,"Poszukujemy doświadczonego Java Developera w obszarze usług cyfrowych i telekomunikacyjnych w Polsce. Projekt obejmuje budowę, skalowanie oraz utrzyma...",,,Nexio Management Sp. z o.o.,"https://www.pracuj.pl/praca/java-developer-k-m-n-spring-boot-quarkus-camunda-wroclaw,oferta,1005092884"
1005092883,Squad Lead,Miejsce pracy : Cała Polska (praca zdalna) Siedziba firmy : Warszawa,Projekt obejmuje kompleksową transformację środowiska IT dużej organizacji finansowej. Celem programu jest modernizacja istniejącej infrastruktury i a...,,150–185 zł netto (+ VAT) / godz.,SQUARE ONE RESOURCES sp. z o.o.,"https://www.pracuj.pl/praca/squad-lead-warszawa,oferta,1005092883"
1005116208,Kierownik Projektów IT Senior (k/m),Warszawa,Dla naszego klienta z branży bankowej poszukujemy osoby na stanowisko Kierownik Projektów Senior (k/m). Osoba na tym stanowisku będzie odpowiedzialna ...,,,FINTURE Sp. z o.o.,"https://www.pracuj.pl/praca/kierownik-projektow-it-senior-k-m-warszawa,oferta,1005116208"
1005110487,Solution Architect with Data Engineering Experience,Gdańsk,"Your responsibilities, We are looking for a full-time Solution Architect with data engineering experience to join us in Customer Engagement Domain for Corporate Technology in Nordea., , Nordea is a place where traditions meet tomorrow. We're not...",,,NORDEA Bank Abp SA Oddział w Polsce,"https://www.pracuj.pl/praca/solution-architect-with-data-engineering-experience-gdansk,oferta,1005110487"
1005092868,Młodszy Kierownik Projektu (branża IT) (m/k),Nowy Konik (pow. miński),"Twój zakres obowiązków, Bieżące koordynowanie projektów i pracą zespołów projektowych, Przygotowywania i wsparcie w przygotowywaniu dokumentacji technicznej dla projektu, Prowadzenie i wsparcie w tworzeniu dokumentacji okołoprojektowej, Tworzenie...",,,Ledatel Sp. z o.o. i Wspólnicy Spółka Komandytowa,"https://www.pracuj.pl/praca/mlodszy-kierownik-projektu-branza-it-m-k-nowy-konik-pow-minski-terespolska-144,oferta,1005092868"
1005100821,Stanowisko ds. wdrażania oprogramowania UE,"Warszawa, Żoliborz","Twój zakres obowiązków, koordynowanie wdrażania w Zakładzie oprogramowania udostępnianego przez UE, analizowanie funkcjonalności oprogramowania rekomendowanego przez UE w zakresie możliwości jego wykorzystania w Zakładzie, udział w pracach komisji...",,,Zakład Ubezpieczeń Społecznych,"https://www.pracuj.pl/praca/stanowisko-ds-wdrazania-oprogramowania-ue-warszawa-szamocka-3,oferta,1005100821"
1005107375,Data Migration Specialist,Poznań,"Szukamy Data Migration Specialist / Data Quality Specialist, który posiada doświadczenie w projektach wdrożeniowych SAP S/4HANA, odpowiadał za migracj...",,,ALTEN Polska,"https://www.pracuj.pl/praca/data-migration-specialist-poznan,oferta,1005107375"
1005100819,"Lead Project Leader - AI Governance & Technology Enablers (IAM, Network & Security)",Gdańsk,"Your responsibilities, Core Technology Change & Delivery is seeking an experienced Lead Project Leader to drive the delivery of critical technology capabilities enabling safe, scalable and compliant AI adoption across Nordea., , In this role, you...",,,NORDEA Bank Abp SA Oddział w Polsce,"https://www.pracuj.pl/praca/lead-project-leader-ai-governance-technology-enablers-iam-network-security-gdansk,oferta,1005100819"
1005092852,Senior BIM Consultant,Miejsce pracy : Cała Polska (praca zdalna) Siedziba firmy : Warszawa,Budowa od zera nowatorskiej platformy webowej wspierającej proces odbiorów i weryfikacji budowlanej (commissionability review). System automatycznie a...,,120–130 zł netto (+ VAT) / godz.,IT LeasingTeam,"https://www.pracuj.pl/praca/senior-bim-consultant-warszawa,oferta,1005092852"
1005082960,Digital Change Project Manager (BE/CZ/PL),Nowy Dwór Mazowiecki,As Digital Change Project Manager you make sure that digital initiatives in our Frozen Bakery plants actually land on the shopfloor and deliver measur...,,,La Lorraine Polska sp.z o.o.,"https://www.pracuj.pl/praca/digital-change-project-manager-be-cz-pl-nowy-dwor-mazowiecki,oferta,1005082960"
1005100806,Validation Engineer with Python in AI area (f/m/x),"Gdańsk, Oliwa",The project focuses on AI model validation and Python development in the NPU (Neural Processing Unit) segment for a leading processor manufacturer. Th...,,,Sii Sp. z o.o.,"https://www.pracuj.pl/praca/validation-engineer-with-python-in-ai-area-f-m-x-gdansk-aleja-grunwaldzka-472e,oferta,1005100806"
1005092841,Architekt Systemowy (k/m),Miejsce pracy : Cała Polska (praca zdalna) Siedziba firmy : Zielona Góra,"Twój zakres obowiązków, Projektowanie i rozwijanie architektury systemów IT oraz ich integracji zgodnie z najlepszymi praktykami branżowymi., Definiowanie strategicznych założeń dla architektury systemów., Wspieranie Kierowników Produktu,...",,,Apator Rector Sp. z o.o.,"https://www.pracuj.pl/praca/architekt-systemowy-k-m-zielona-gora-wroclawska-17b,oferta,1005092841"
1005100800,Lead Project Leader - AWS AI,Gdańsk,"Your responsibilities, In this role, you will lead complex, cross-functional delivery across AWS cloud foundations, AI platform capabilities, security, data and engineering. You will help establish governed, scalable and reusable services that...",,,NORDEA Bank Abp SA Oddział w Polsce,"https://www.pracuj.pl/praca/lead-project-leader-aws-ai-gdansk,oferta,1005100800"
1005116178,Fullstack Developer (React+Java),Miejsce pracy : Cała Polska (praca zdalna) Siedziba firmy : Warszawa,"Wraz z naszym partnerem, Liderem w branży e-commerce, poszukujemy osoby na stnowisko Fullstack Developer (React+ Java)., , Projekt skupia się na tworz...",,140–160 zł netto (+ VAT) / godz.,Connectis_,"https://www.pracuj.pl/praca/fullstack-developer-react%2bjava-warszawa-aleje-jerozolimskie-96,oferta,1005116178"
1005116174,Senior Test Automation Engineer with Python (f/m/x),"Kraków, Podgórze",We are looking for a skilled Senior Test Automation Engineer to join a project focused on developing a new generation of industrial power management c...,,,Sii Sp. z o.o.,"https://www.pracuj.pl/praca/senior-test-automation-engineer-with-python-f-m-x-krakow-wadowicka-12,oferta,1005116174"
1005082941,Junior Helpdesk Specialist,Warszawa,"Twój zakres obowiązków, Zdalne i bezpośrednie wsparcie użytkowników, Rejestracja zgłoszeń oraz ich terminowa obsługa, Instalacja i konfiguracja sprzętu komputerowego, oprogramowania, Systemów Windows, drukarek, skanerów itd., Naprawa, modernizacja...",,,Raisead,"https://www.pracuj.pl/praca/junior-helpdesk-specialist-warszawa,oferta,1005082941"
1005100777,IT System Administrator,Tczew,"Twój zakres obowiązków, Wsparcie zespołu w transformacji sieci., Administrowanie i utrzymywanie infrastruktury IT., Zarządzanie siecią LAN/WLAN., Udział w budowie i migracji środowiska IT., Zapewnienie bezpieczeństwa systemów i sieci.,...",,,ALTEN Polska,"https://www.pracuj.pl/praca/it-system-administrator-tczew,oferta,1005100777"
1005116159,Junior IT Support Specialist (f/m/x),"Białystok, Centrum",Szukasz możliwości zdobycia pierwszego doświadczenia zawodowego w branży IT? Dołącz do naszego zespołu w Białymstoku jako Młodszy Specjalista ds. wspa...,,,Sii Sp. z o.o.,"https://www.pracuj.pl/praca/junior-it-support-specialist-f-m-x-bialystok-jozefa-marjanskiego-3,oferta,1005116159"
1005110423,AI Team Leader (k/m/n),Warszawa,"Szukamy AI Team Leadera z dobrą znajomością Pythona, który połączy rolę lidera zespołu z odpowiedzialnością za kierunek technologiczny projektów AI, r...",,,Nexio Management Sp. z o.o.,"https://www.pracuj.pl/praca/ai-team-leader-k-m-n-warszawa,oferta,1005110423"
1005100772,Fullstack Java Developer (React / Angular) (F/M),Miejsce pracy : Cała Polska (praca zdalna) Siedziba firmy : Warszawa,"Poszukujemy Fullstack Java Developera do realizacji projektów dla sektora bankowego i finansowego., Osoba na tym stanowisku będzie odpowiedzialna za r...",,70–90 zł netto (+ VAT) / godz.,B2B.NET S.A.,"https://www.pracuj.pl/praca/fullstack-java-developer-react-angular-f-m-warszawa,oferta,1005100772"
1005100773,AI DevOps,Wrocław,"Szukamy osoby na stanowisko AI DevOps, która łączy doświadczenie w obszarze DevOps, chmury i automatyzacji z praktycznym podejściem do rozwiązań AI/ML...",,,UPVANTA SPÓŁKA Z OGRANICZONĄ ODPOWIEDZIALNOŚCIĄ,"https://www.pracuj.pl/praca/ai-devops-wroclaw,oferta,1005100773"
1005085950,Backend Developer (M/F/D),"Warszawa, Mokotów","Join DSV's Customs Technology Team and help build digital solutions that power customs operations across a global logistics network., , We develop sca...",,,DSV GBS,"https://www.pracuj.pl/praca/backend-developer-m-f-d-warszawa-tasmowa-10,oferta,1005085950"
1005100770,Specjalista ds. Administracji IT (k/m/os),"Łódź, Polesie","Twój zakres obowiązków, Nadzór nad prawidłowym obiegiem dokumentów oraz umów realizowanych w obszarze IT, Weryfikacja i rozliczanie kosztów zgodnie z obowiązującymi procedurami, Przygotowywanie zestawień, analiz oraz raportów na potrzeby...",,,DOZ S.A.,"https://www.pracuj.pl/praca/specjalista-ds-administracji-it-k-m-os-lodz-kinga-c-gillette-11,oferta,1005100770"
1005116151,Stanowisko ds. bezpieczeństwa informatycznego​ (k/m),Warszawa,"Szukasz pracy, w której każdy dzień przynosi nowe wyzwania? Dołącz do naszego zespołu cyberbezpieczeństwa i rozwijaj swoje umiejętności, uczestnicząc ...",7 000–9 500 zł brutto / mies.,,PKP Polskie Linie Kolejowe S.A,"https://www.pracuj.pl/praca/stanowisko-ds-bezpieczenstwa-informatycznego-k-m-warszawa,oferta,1005116151"
1005107292,IT Systems Administrator,Warszawa,Join our Corporate IT team and help shape the future of our digital workplace for thousands of employees across multiple international locations. In t...,9 500–13 300 zł brutto / mies.,,The Stepstone Group Polska sp. z o.o.,"https://www.pracuj.pl/praca/it-systems-administrator-warszawa,oferta,1005107292"
1005116130,IT On-Site Support Specialist,Kleszczów (pow. bełchatowski),"Your responsibilities, Advanced troubleshooting of technology issues;, Procure, configure, deploy, decommission various IT equipment;, Telephony support as needed;, Manage local IT agreements where necessary;, Handle IT Invoicing where necessary;,...",,,Uponor Infra Sp. z o.o.,"https://www.pracuj.pl/praca/it-on-site-support-specialist-kleszczow-pow-belchatowski,oferta,1005116130"
1005107287,Mid-Level Cybersecurity Project Manager – IT & Assurance,Kraków,"Ignite cybersecurity excellence — lead groundbreaking projects in a dynamic financial environment!, , Krakow-based opportunity with hybrid work model ...",15 700–26 460 zł / mies. (zal. od umowy),,ITDS Polska Sp. z o.o.,"https://www.pracuj.pl/praca/mid-level-cybersecurity-project-manager-it-assurance-krakow,oferta,1005107287"
1005100763,Analityk Biznesowy (K/M),Warszawa,"Obecnie dla naszego Klienta z branży bankowej poszukujemy Analityka Biznesowego (K/M), , Projekt: Usprawnianie procesów związanych z produktami hipote...",,130–150 zł netto (+ VAT) / godz.,NEONTRI SPÓŁKA Z OGRANICZONĄ ODPOWIEDZIALNOŚCIĄ,"https://www.pracuj.pl/praca/analityk-biznesowy-k-m-warszawa,oferta,1005100763"
1005082927,Pega Lead Architect (with CLM Expertise),Gdańsk,"Meet the KYC (Know Your Customer) team. We collect, assess, and profile customers to support effective cooperation and comply with legal standards., ,...",,,NORDEA Bank Abp SA Oddział w Polsce,"https://www.pracuj.pl/praca/pega-lead-architect-with-clm-expertise-gdansk,oferta,1005082927"
1005092753,Specjalista / Specjalistka ds. Wdrożeń Infrastruktury IT,"Warszawa, Ursynów","Twój zakres obowiązków, Wdrażanie, konfiguracja i administracja środowisk wirtualnych opartych na platformie VMware vSphere., Udział w projektowaniu, wdrażaniu i utrzymaniu rozwiązań infrastruktury teleinformatycznej realizowanych w ramach...",,,Transbit Sp. z o.o.,"https://www.pracuj.pl/praca/specjalista-specjalistka-ds-wdrozen-infrastruktury-it-warszawa-jana-ciszewskiego-15,oferta,1005092753"
1005100760,Security Review and Approval ZIA,Warszawa,"The person in this role will review and assess requests relating to Zscaler Internet Access (ZIA), which provides security controls for internet and c...",,,IT CONNECT Sp. z o.o. Sp. k.,"https://www.pracuj.pl/praca/security-review-and-approval-zia-warszawa,oferta,1005100760"
1005092746,Programista Java (k/m/n),Warszawa,"Dla naszego klienta z branży ubezpieczeniowej poszukujemy Programisty do stałej współpracy w ramach dużego projektu transformacyjnego, obejmującego bu...",,,Nexio Management Sp. z o.o.,"https://www.pracuj.pl/praca/programista-java-k-m-n-warszawa,oferta,1005092746"
1005064604,Network Engineer,Miejsce pracy : Cała Polska (praca zdalna) Siedziba firmy : Warszawa,"Projekt: Praca dla naszego partnera – dynamicznie rozwijającej się organizacji z Niemiec, będącej liderem w dostarczaniu nowoczesnych rozwiązań techno...",,165 zł netto (+ VAT) / godz.,Next Technology Professionals Sp. z o.o.,"https://www.pracuj.pl/praca/network-engineer-warszawa,oferta,1005064604"
1005064603,Senior Manager AI Engineering,"Miejsce pracy : Cała Polska (praca zdalna) Siedziba firmy : Warszawa, Mokotów","Simon-Kucher is helping organizations unlock better growth by combining deep commercial expertise in pricing, sales, marketing and customer experience...",29 000–31 800 zł brutto / mies.,,Simon-Kucher Core Business Services Sp. z o. o.,"https://www.pracuj.pl/praca/senior-manager-ai-engineering-warszawa-domaniewska-42,oferta,1005064603"
1005058324,Senior Applied AI Researcher – Financial Technology,Warszawa,"As a Senior Applied AI Researcher, you will be working for our client, a leading global investment bank, providing a chance to be part of a prestigiou...",23 100–33 600 zł / mies. (zal. od umowy),,ITDS Polska Sp. z o.o.,"https://www.pracuj.pl/praca/senior-applied-ai-researcher-financial-technology-warszawa,oferta,1005058324"
1005116102,DevOps Engineer with GCP (f/m/x),"Kraków, Podgórze","We are looking for a Cloud DevOps Engineer to join a team (based in Cracow) responsible for building and maintaining highly resilient, scalable, and h...",,,Sii Sp. z o.o.,"https://www.pracuj.pl/praca/devops-engineer-with-gcp-f-m-x-krakow-wadowicka-12,oferta,1005116102"
1005100742,Embedded Developer,Włocławek,"Your responsibilities, analyze and review requirements with focus on functional safety (IEC 61508), develop and optimize firmware for embedded systems using C/C++ with RTOS integration, contribute to software architecture with modularity and...",,,WIKA POLSKA spółka z ograniczoną odpowiedzialnością SGF spółka komandytowa,"https://www.pracuj.pl/praca/embedded-developer-wloclawek-kawka-6,oferta,1005100742"
1005116101,GCP Data Engineer with Java (f/m/x),"Kraków, Podgórze",We are looking for a Data Engineer with a strong Java background to join a global team (based in Cracow) responsible for developing and enhancing a st...,,,Sii Sp. z o.o.,"https://www.pracuj.pl/praca/gcp-data-engineer-with-java-f-m-x-krakow-wadowicka-12,oferta,1005116101"
1005092703,Analityk IT (k/m),Miejsce pracy : Cała Polska (praca zdalna) Siedziba firmy : Zielona Góra,"Twój zakres obowiązków, Tworzenie dokumentacji analitycznej, wdrożeniowej i powykonawczej., Analizowanie i modelowanie procesów biznesowych., Uzgadnianie założeń systemów z właścicielami produktów poszczególnych obszarów biznesowych.,...",,,Apator Rector Sp. z o.o.,"https://www.pracuj.pl/praca/analityk-it-k-m-zielona-gora-wroclawska-17b,oferta,1005092703"
1005116061,Data Product Analyst,Miejsce pracy : Cała Polska (praca zdalna) Siedziba firmy : Warszawa,"Together with our Business Partner, a leader in the travel tech industry, we are looking for an experienced specialist to deliver projects as a Produc...",,,Connectis_,"https://www.pracuj.pl/praca/data-product-analyst-warszawa-aleje-jerozolimskie-96,oferta,1005116061"
1005082881,IT Business Analyst,"Warszawa, Śródmieście","The IPF Digital Acquisition Feature Team manages the end-to-end lifecycle of customer onboarding, user acquisition funnels, and digital lending journe...",,,IPF Digital,"https://www.pracuj.pl/praca/it-business-analyst-warszawa-inflancka-4a,oferta,1005082881"
1005116058,Senior Fullstack Python/AI Developer,Warszawa,"Tryb: hybrydowy (uzgodnione świadczenie usług 3 dni w tygodniu z biura projektu - Warszawa), , Poszukujemy osoby o profilu Senior Fullstack Python/AI ...",,170–220 zł netto (+ VAT) / godz.,Primaris Services,"https://www.pracuj.pl/praca/senior-fullstack-python-ai-developer-warszawa,oferta,1005116058"
1005092678,Kierownik Projektów Przemysłowych / Industrial Project Manager,Ząbkowice Śląskie,"Twój zakres obowiązków, Osoba na tym stanowisku będzie odpowiedzialna za prowadzenie projektów od ich uruchomienia aż do wdrożenia do produkcji seryjnej., Prowadzenie i koordynowanie projektów przemysłowych oraz współpraca ze wszystkimi...",,,BAUD POLSKA sp. z o.o.,"https://www.pracuj.pl/praca/kierownik-projektow-przemyslowych-industrial-project-manager-zabkowice-slaskie-kamieniecka-83,oferta,1005092678"
1005080060,IT Project Manager,Miejsce pracy : Cała Polska (praca zdalna) Siedziba firmy : Warszawa,"Your responsibilities, Manage communication between project teams and business leads, tailoring the update frequency and style as the migration progresses., Co-manage the migration calendar to ensure technical rollouts do not conflict with...",,100–120 zł netto (+ VAT) / godz.,SQUARE ONE RESOURCES sp. z o.o.,"https://www.pracuj.pl/praca/it-project-manager-warszawa,oferta,1005080060"
